{
  "results": {
    "jcommonsenseqa-1.1-0.2": {
      "acc": 0.450402144772118,
      "acc_stderr": 0.014879962537365902,
      "acc_norm": 0.2707774798927614,
      "acc_norm_stderr": 0.013289706976329906
    },
    "jnli-1.1-0.2": {
      "acc": 0.14502875924404274,
      "acc_stderr": 0.007138907658960349,
      "acc_norm": 0.15078060805258833,
      "acc_norm_stderr": 0.0072545694399528335
    },
    "marc_ja-1.1-0.2": {
      "acc": 0.6706756278740714,
      "acc_stderr": 0.006250700722081726,
      "acc_norm": 0.6706756278740714,
      "acc_norm_stderr": 0.006250700722081726
    },
    "xwinograd_ja": {
      "acc": 0.694473409801877,
      "acc_stderr": 0.014882283146389277
    },
    "jsquad-1.1-0.2": {
      "exact_match": 75.23638000900495,
      "f1": 86.18237212872845
    },
    "jaqket_v2-0.2-0.2": {
      "exact_match": 69.15807560137458,
      "f1": 73.72156766486663
    },
    "xlsum_ja": {
      "rouge2": 22.916753006125674
    },
    "mgsm": {
      "acc": 0.064,
      "acc_stderr": 0.015510587134374153
    }
  },
  "versions": {
    "jcommonsenseqa-1.1-0.2": 1.1,
    "jnli-1.1-0.2": 1.1,
    "marc_ja-1.1-0.2": 1.1,
    "jsquad-1.1-0.2": 1.1,
    "jaqket_v2-0.2-0.2": 0.2,
    "xlsum_ja": 1.0,
    "xwinograd_ja": 1.0,
    "mgsm": 1.0
  },
  "config": {
    "model": "hf-causal",
    "model_args": "pretrained=llama2/pretrain/hf/mixv2_5btok_7b/,tokenizer=meta-llama/Llama-2-7b-hf",
    "num_fewshot": [
      3,
      3,
      3,
      2,
      1,
      1,
      0,
      5
    ],
    "batch_size": null,
    "device": "cuda",
    "no_cache": false,
    "limit": null,
    "bootstrap_iters": 100000,
    "description_dict": {}
  }
}