{
  "results": {
    "jcommonsenseqa-1.1-0.3": {
      "acc": 0.6630920464700626,
      "acc_stderr": 0.01413584060481855,
      "acc_norm": 0.6032171581769437,
      "acc_norm_stderr": 0.014631618978558154
    },
    "jnli-1.1-0.3": {
      "acc": 0.43385373870172556,
      "acc_stderr": 0.010047660204862594,
      "acc_norm": 0.39400164338537386,
      "acc_norm_stderr": 0.009906350398312128
    },
    "marc_ja-1.1-0.3": {
      "acc": 0.7576936681995048,
      "acc_stderr": 0.005698882697168804,
      "acc_norm": 0.7576936681995048,
      "acc_norm_stderr": 0.005698882697168804
    },
    "xwinograd_ja": {
      "acc": 0.6934306569343066,
      "acc_stderr": 0.0148964617619425
    },
    "jsquad-1.1-0.3": {
      "exact_match": 45.20486267447096,
      "f1": 53.36689975421494
    },
    "jaqket_v2-0.1-0.3": {
      "exact_match": 41.75257731958763,
      "f1": 46.36352479135984
    },
    "xlsum_ja-1.0-0.3": {
      "rouge2": 5.807494929901045
    },
    "mgsm-1.0-0.3": {
      "acc": 0.008,
      "acc_stderr": 0.005645483676690159
    }
  },
  "versions": {
    "jcommonsenseqa-1.1-0.3": 1.1,
    "jnli-1.1-0.3": 1.1,
    "marc_ja-1.1-0.3": 1.1,
    "jsquad-1.1-0.3": 1.1,
    "jaqket_v2-0.1-0.3": 0.1,
    "xlsum_ja-1.0-0.3": 1.0,
    "xwinograd_ja": 1.0,
    "mgsm-1.0-0.3": 1.0
  },
  "config": {
    "model": "hf-causal",
    "model_args": "pretrained={PROJECT_DIR}/sft/checkpoints/stablelm-jp-instruct-3b_1.5.0,tokenizer={PROJECT_DIR}/tokenizers/nai-hf-tokenizer/,use_fast=False",
    "num_fewshot": [
      3,
      3,
      3,
      2,
      1,
      1,
      0,
      5
    ],
    "batch_size": null,
    "device": "cuda",
    "no_cache": false,
    "limit": null,
    "bootstrap_iters": 100000,
    "description_dict": {}
  }
}